{
  "topic_1": {
    "keywords": [
      "software",
      "data",
      "inquiry",
      "refund",
      "started",
      "device",
      "cancellation",
      "application"
    ],
    "weights": [
      1.3832557486983479,
      1.215164158596708,
      1.0838633520726078,
      0.9474976761549162,
      0.9109308550910155,
      0.9030278986772188,
      0.8752651607978276,
      0.7847168756400901
    ]
  },
  "topic_2": {
    "keywords": [
      "account",
      "access",
      "reset",
      "password",
      "login",
      "regain",
      "credentials",
      "invalid"
    ],
    "weights": [
      2.1281252708301777,
      1.3427721626857305,
      0.8010401988956402,
      0.7637009513488676,
      0.6238520758299946,
      0.5679839623629027,
      0.5674923524634112,
      0.5665684752376025
    ]
  },
  "topic_3": {
    "keywords": [
      "screen",
      "message",
      "mean",
      "popping",
      "peculiar",
      "says",
      "error",
      "refund"
    ],
    "weights": [
      1.3980238809795815,
      1.3698837373418113,
      1.3570769214767249,
      1.3524512700356601,
      1.3524512700356601,
      1.2941059059766735,
      1.2603075681049938,
      0.24954954834034235
    ]
  },
  "topic_4": {
    "keywords": [
      "action",
      "perform",
      "desired",
      "guide",
      "option",
      "unable",
      "bug",
      "fixes"
    ],
    "weights": [
      1.304994236327846,
      1.3027410909470292,
      1.2292868657592138,
      1.2243251940360056,
      1.1529901952989845,
      1.125831483584804,
      0.22062556330443067,
      0.22061569090182223
    ]
  }
}