{
  "topic_1": {
    "keywords": [
      "inquiry",
      "refund",
      "account",
      "cancellation",
      "software",
      "technical",
      "data",
      "compatibility"
    ],
    "weights": [
      0.04738508144982011,
      0.04425241299073544,
      0.04376440165576978,
      0.039904714159904035,
      0.03782402577130454,
      0.035782984332159734,
      0.033986189751879815,
      0.0319768474497224
    ]
  },
  "topic_2": {
    "keywords": [
      "inquiry",
      "refund",
      "account",
      "software",
      "data",
      "resolve",
      "cancellation",
      "billing"
    ],
    "weights": [
      0.04987934720247422,
      0.046473162070362124,
      0.04376126930210657,
      0.04043452743050908,
      0.03872996350923426,
      0.038677159385643325,
      0.038296783034117786,
      0.036826933813185594
    ]
  },
  "topic_3": {
    "keywords": [
      "account",
      "inquiry",
      "software",
      "refund",
      "billing",
      "cancellation",
      "data",
      "access"
    ],
    "weights": [
      0.05092551962392682,
      0.04880972892864794,
      0.04560068719178598,
      0.04126761783132513,
      0.04115548836356996,
      0.03671777072548886,
      0.03201541567803606,
      0.030780466979460425
    ]
  },
  "topic_4": {
    "keywords": [
      "technical",
      "cancellation",
      "data",
      "software",
      "refund",
      "account",
      "inquiry",
      "started"
    ],
    "weights": [
      0.04203797152333465,
      0.04148478428245159,
      0.04129399709754729,
      0.041266303110503784,
      0.04113070439634476,
      0.03534933822017519,
      0.034591242314656157,
      0.03289278287315244
    ]
  }
}