{
  "topic_1": {
    "keywords": [
      "user",
      "inquiry",
      "multiple",
      "contacted",
      "remains",
      "unresolved",
      "mentioned",
      "troubleshooting"
    ],
    "weights": [
      557.8427169917604,
      530.7527540033342,
      519.7591363938767,
      475.68489160705576,
      468.8364250349459,
      468.8364250236224,
      461.8392338513225,
      454.6453673793788
    ]
  },
  "topic_2": {
    "keywords": [
      "option",
      "fine",
      "account",
      "unable",
      "facing",
      "acts",
      "unexpectedly",
      "intermittent"
    ],
    "weights": [
      716.4849668418332,
      709.5726495608246,
      568.4583401379166,
      527.3681446089804,
      518.56241674024,
      499.0249736465003,
      499.0249736192099,
      497.87581664671757
    ]
  },
  "topic_3": {
    "keywords": [
      "data",
      "application",
      "specific",
      "loss",
      "deleted",
      "hardware",
      "problems",
      "inquiry"
    ],
    "weights": [
      724.3187810310219,
      654.4653514371851,
      542.0099463819536,
      505.3082344125549,
      380.50432421472703,
      346.12928329195563,
      326.12494445909124,
      325.18792135118616
    ]
  },
  "topic_4": {
    "keywords": [
      "screen",
      "message",
      "error",
      "says",
      "mean",
      "peculiar",
      "popping",
      "original"
    ],
    "weights": [
      684.8914028745985,
      630.5450621829324,
      601.2765377088724,
      489.3421329226813,
      481.0282522623145,
      451.5080046945888,
      451.5080046874527,
      309.67002686849094
    ]
  },
  "topic_5": {
    "keywords": [
      "account",
      "access",
      "possible",
      "soon",
      "updated",
      "assistance",
      "affecting",
      "related"
    ],
    "weights": [
      688.8457167754347,
      613.2486398799465,
      609.5327294708729,
      580.5914072547007,
      531.2929128735623,
      505.7135580969791,
      493.87099613779327,
      493.3764448916302
    ]
  },
  "topic_6": {
    "keywords": [
      "device",
      "account",
      "software",
      "inquiry",
      "changes",
      "data",
      "started",
      "recent"
    ],
    "weights": [
      845.6063513786751,
      694.2134051891306,
      659.9299340732882,
      617.5964605986245,
      529.7365198416746,
      528.6497409263329,
      522.6834953798293,
      501.00158931716
    ]
  },
  "topic_7": {
    "keywords": [
      "resolve",
      "reset",
      "factory",
      "hoping",
      "performed",
      "loss",
      "data",
      "inquiry"
    ],
    "weights": [
      812.3425614104088,
      533.2868167184322,
      503.9581298431471,
      503.3959545668777,
      498.90150055287523,
      361.52354776270425,
      349.36938911165396,
      344.32435511413655
    ]
  },
  "topic_8": {
    "keywords": [
      "life",
      "battery",
      "software",
      "tried",
      "available",
      "inquiry",
      "application",
      "updates"
    ],
    "weights": [
      826.728428091055,
      825.4478654267972,
      743.418462580848,
      554.237878238666,
      438.16225191278767,
      434.5038730451927,
      426.94746130885505,
      396.87099572208575
    ]
  }
}