{
  "topic_1": {
    "keywords": [
      "account",
      "inquiry",
      "software",
      "data",
      "refund",
      "cancellation",
      "billing",
      "technical"
    ],
    "weights": [
      0.2157728019191745,
      0.21559032556580984,
      0.2084100086097446,
      0.19199940566908777,
      0.18698641661518678,
      0.17312593525718836,
      0.15292193806401855,
      0.14541267794511836
    ]
  },
  "topic_2": {
    "keywords": [
      "account",
      "error",
      "access",
      "says",
      "screen",
      "peculiar",
      "popping",
      "mean"
    ],
    "weights": [
      0.32511228417331955,
      0.23813061696073048,
      0.20701563605219137,
      0.20117294935101568,
      0.18589824422206935,
      0.18316283080699372,
      0.18316283080699372,
      0.18116819266794731
    ]
  },
  "topic_3": {
    "keywords": [
      "started",
      "screen",
      "message",
      "popping",
      "peculiar",
      "mean",
      "says",
      "error"
    ],
    "weights": [
      0.25198223749530513,
      0.24436419485020347,
      0.24272234168422582,
      0.24245030450262192,
      0.24245030450262192,
      0.24240480099570688,
      0.23004153900234353,
      0.2284713066014596
    ]
  },
  "topic_4": {
    "keywords": [
      "action",
      "perform",
      "desired",
      "unable",
      "option",
      "guide",
      "updates",
      "software"
    ],
    "weights": [
      0.29448028829223627,
      0.29426666270214963,
      0.2614296202970261,
      0.26116937416851993,
      0.25509595822173015,
      0.2468490670755056,
      0.11495750022900841,
      0.10565196829832356
    ]
  }
}